Date	AtrStop	BuyStop	SellStop
2025-12-09T19:00:00.0000000			
2025-12-09T19:30:00.0000000			
2025-12-09T20:00:00.0000000			
2025-12-09T20:30:00.0000000			
2025-12-09T21:00:00.0000000			
2025-12-09T21:30:00.0000000			
2025-12-09T22:00:00.0000000			
2025-12-09T22:30:00.0000000			
2025-12-09T23:00:00.0000000			
2025-12-09T23:30:00.0000000			
2025-12-10T00:00:00.0000000			
2025-12-10T00:30:00.0000000			
2025-12-10T01:00:00.0000000			
2025-12-10T01:30:00.0000000			
2025-12-10T02:00:00.0000000			
2025-12-10T02:30:00.0000000			
2025-12-10T03:00:00.0000000			
2025-12-10T03:30:00.0000000			
2025-12-10T04:00:00.0000000			
2025-12-10T04:30:00.0000000			
2025-12-10T05:00:00.0000000			
2025-12-10T05:30:00.0000000	3268.31428571429		3268.31428571429
2025-12-10T06:00:00.0000000	3268.57074829932		3268.57074829932
2025-12-10T06:30:00.0000000	3275.02928409459		3275.02928409459
2025-12-10T07:00:00.0000000	3275.02928409459		3275.02928409459
2025-12-10T07:30:00.0000000	3278.75490620824		3278.75490620824
2025-12-10T08:00:00.0000000	3280.80467257928		3280.80467257928
2025-12-10T08:30:00.0000000	3280.80467257928		3280.80467257928
2025-12-10T09:00:00.0000000	3280.80467257928		3280.80467257928
2025-12-10T09:30:00.0000000	3299.69272007712		3299.69272007712
2025-12-10T10:00:00.0000000	3299.69272007712		3299.69272007712
2025-12-10T10:30:00.0000000	3299.69272007712		3299.69272007712
2025-12-10T11:00:00.0000000	3299.69272007712		3299.69272007712
2025-12-10T11:30:00.0000000	3299.69272007712		3299.69272007712
2025-12-10T12:00:00.0000000	3299.69272007712		3299.69272007712
2025-12-10T12:30:00.0000000	3299.69272007712		3299.69272007712
2025-12-10T13:00:00.0000000	3299.69272007712		3299.69272007712
2025-12-10T13:30:00.0000000	3299.69272007712		3299.69272007712
2025-12-10T14:00:00.0000000	3299.69272007712		3299.69272007712
2025-12-10T14:30:00.0000000	3299.69272007712		3299.69272007712
2025-12-10T15:00:00.0000000	3299.69272007712		3299.69272007712
2025-12-10T15:30:00.0000000	3299.69272007712		3299.69272007712
2025-12-10T16:00:00.0000000	3303.01237431865		3303.01237431865
2025-12-10T16:30:00.0000000	3303.01237431865		3303.01237431865
2025-12-10T17:00:00.0000000	3313.02052092394		3313.02052092394
2025-12-10T17:30:00.0000000	3313.02052092394		3313.02052092394
2025-12-10T18:00:00.0000000	3314.12632283351		3314.12632283351
2025-12-10T18:30:00.0000000	3314.12632283351		3314.12632283351
2025-12-10T19:00:00.0000000	3314.12632283351		3314.12632283351
2025-12-10T19:30:00.0000000	3314.12632283351		3314.12632283351
2025-12-10T20:00:00.0000000	3323.54181309928		3323.54181309928
2025-12-10T20:30:00.0000000	3323.54181309928		3323.54181309928
2025-12-10T21:00:00.0000000	3323.54181309928		3323.54181309928
2025-12-10T21:30:00.0000000	3323.54181309928		3323.54181309928
2025-12-10T22:00:00.0000000	3323.54181309928		3323.54181309928
2025-12-10T22:30:00.0000000	3323.54181309928		3323.54181309928
2025-12-10T23:00:00.0000000	3323.54181309928		3323.54181309928
2025-12-10T23:30:00.0000000	3323.54181309928		3323.54181309928
2025-12-11T00:00:00.0000000	3409.14784011764	3409.14784011764	
2025-12-11T00:30:00.0000000	3376.21699058823	3376.21699058823	
2025-12-11T01:00:00.0000000	3363.78761008403	3363.78761008403	
2025-12-11T01:30:00.0000000	3354.25962865146	3354.25962865146	
2025-12-11T02:00:00.0000000	3321.57107490615	3321.57107490615	
2025-12-11T02:30:00.0000000	3311.18673800586	3311.18673800586	
2025-12-11T03:00:00.0000000	3277.22070286272	3277.22070286272	
2025-12-11T03:30:00.0000000	3277.22070286272	3277.22070286272	
2025-12-11T04:00:00.0000000	3277.22070286272	3277.22070286272	
2025-12-11T04:30:00.0000000	3277.22070286272	3277.22070286272	
2025-12-11T05:00:00.0000000	3277.22070286272	3277.22070286272	
2025-12-11T05:30:00.0000000	3277.22070286272	3277.22070286272	
2025-12-11T06:00:00.0000000	3277.22070286272	3277.22070286272	
2025-12-11T06:30:00.0000000	3277.22070286272	3277.22070286272	
2025-12-11T07:00:00.0000000	3277.22070286272	3277.22070286272	
2025-12-11T07:30:00.0000000	3277.22070286272	3277.22070286272	
2025-12-11T08:00:00.0000000	3276.70863995091	3276.70863995091	
2025-12-11T08:30:00.0000000	3276.70863995091	3276.70863995091	
2025-12-11T09:00:00.0000000	3276.70863995091	3276.70863995091	
2025-12-11T09:30:00.0000000	3276.70863995091	3276.70863995091	
2025-12-11T10:00:00.0000000	3272.67351665276	3272.67351665276	
2025-12-11T10:30:00.0000000	3272.67351665276	3272.67351665276	
2025-12-11T11:00:00.0000000	3269.35579741747	3269.35579741747	
2025-12-11T11:30:00.0000000	3264.7769499214	3264.7769499214	
2025-12-11T12:00:00.0000000	3264.7769499214	3264.7769499214	
2025-12-11T12:30:00.0000000	3264.7769499214	3264.7769499214	
2025-12-11T13:00:00.0000000	3264.7769499214	3264.7769499214	
2025-12-11T13:30:00.0000000	3258.36867091091	3258.36867091091	
2025-12-11T14:00:00.0000000	3251.26540086753	3251.26540086753	
2025-12-11T14:30:00.0000000	3231.78133415955	3231.78133415955	
2025-12-11T15:00:00.0000000	3231.78133415955	3231.78133415955	
2025-12-11T15:30:00.0000000	3231.78133415955	3231.78133415955	
2025-12-11T16:00:00.0000000	3231.78133415955	3231.78133415955	
2025-12-11T16:30:00.0000000	3231.78133415955	3231.78133415955	
2025-12-11T17:00:00.0000000	3231.78133415955	3231.78133415955	
2025-12-11T17:30:00.0000000	3231.78133415955	3231.78133415955	
2025-12-11T18:00:00.0000000	3231.78133415955	3231.78133415955	
2025-12-11T18:30:00.0000000	3231.78133415955	3231.78133415955	
2025-12-11T19:00:00.0000000	3231.78133415955	3231.78133415955	
2025-12-11T19:30:00.0000000	3231.78133415955	3231.78133415955	
2025-12-11T20:00:00.0000000	3231.78133415955	3231.78133415955	
2025-12-11T20:30:00.0000000	3231.78133415955	3231.78133415955	
2025-12-11T21:00:00.0000000	3187.92539708714		3187.92539708714
2025-12-11T21:30:00.0000000	3187.92539708714		3187.92539708714
2025-12-11T22:00:00.0000000	3187.92539708714		3187.92539708714
2025-12-11T22:30:00.0000000	3187.92539708714		3187.92539708714
2025-12-11T23:00:00.0000000	3187.92539708714		3187.92539708714
2025-12-11T23:30:00.0000000	3187.92539708714		3187.92539708714
2025-12-12T00:00:00.0000000	3187.92539708714		3187.92539708714
2025-12-12T00:30:00.0000000	3187.92539708714		3187.92539708714
2025-12-12T01:00:00.0000000	3187.92539708714		3187.92539708714
2025-12-12T01:30:00.0000000	3187.92539708714		3187.92539708714
2025-12-12T02:00:00.0000000	3187.92539708714		3187.92539708714
2025-12-12T02:30:00.0000000	3194.13164547321		3194.13164547321
2025-12-12T03:00:00.0000000	3194.13164547321		3194.13164547321
2025-12-12T03:30:00.0000000	3194.13164547321		3194.13164547321
2025-12-12T04:00:00.0000000	3194.13164547321		3194.13164547321
2025-12-12T04:30:00.0000000	3194.13164547321		3194.13164547321
2025-12-12T05:00:00.0000000	3194.13164547321		3194.13164547321
2025-12-12T05:30:00.0000000	3194.13164547321		3194.13164547321
2025-12-12T06:00:00.0000000	3206.21369173999		3206.21369173999
2025-12-12T06:30:00.0000000	3206.21369173999		3206.21369173999
2025-12-12T07:00:00.0000000	3207.64597890249		3207.64597890249
2025-12-12T07:30:00.0000000	3207.64597890249		3207.64597890249
2025-12-12T08:00:00.0000000	3207.64597890249		3207.64597890249
2025-12-12T08:30:00.0000000	3207.64597890249		3207.64597890249
2025-12-12T09:00:00.0000000	3207.64597890249		3207.64597890249
2025-12-12T09:30:00.0000000	3207.64597890249		3207.64597890249
2025-12-12T10:00:00.0000000	3207.64597890249		3207.64597890249
2025-12-12T10:30:00.0000000	3207.64597890249		3207.64597890249
2025-12-12T11:00:00.0000000	3207.64597890249		3207.64597890249
2025-12-12T11:30:00.0000000	3207.64597890249		3207.64597890249
2025-12-12T12:00:00.0000000	3207.64597890249		3207.64597890249
2025-12-12T12:30:00.0000000	3207.64597890249		3207.64597890249
2025-12-12T13:00:00.0000000	3207.64597890249		3207.64597890249
2025-12-12T13:30:00.0000000	3207.64597890249		3207.64597890249
2025-12-12T14:00:00.0000000	3207.64597890249		3207.64597890249
2025-12-12T14:30:00.0000000	3207.64597890249		3207.64597890249
2025-12-12T15:00:00.0000000	3222.10400431985	3222.10400431985	
2025-12-12T15:30:00.0000000	3153.58952792366	3153.58952792366	
2025-12-12T16:00:00.0000000	3153.58952792366	3153.58952792366	
2025-12-12T16:30:00.0000000	3146.62564891035	3146.62564891035	
2025-12-12T17:00:00.0000000	3146.62564891035	3146.62564891035	
2025-12-12T17:30:00.0000000	3146.62564891035	3146.62564891035	
2025-12-12T18:00:00.0000000	3146.62564891035	3146.62564891035	
2025-12-12T18:30:00.0000000	3146.62564891035	3146.62564891035	
2025-12-12T19:00:00.0000000	3146.62564891035	3146.62564891035	
2025-12-12T19:30:00.0000000	3146.62564891035	3146.62564891035	
2025-12-12T20:00:00.0000000	3146.62564891035	3146.62564891035	
2025-12-12T20:30:00.0000000	3097.66656484976	3097.66656484976	
2025-12-12T21:00:00.0000000	3097.66656484976	3097.66656484976	
2025-12-12T21:30:00.0000000	3097.66656484976	3097.66656484976	
2025-12-12T22:00:00.0000000	3097.66656484976	3097.66656484976	
2025-12-12T22:30:00.0000000	3097.66656484976	3097.66656484976	
2025-12-12T23:00:00.0000000	3097.66656484976	3097.66656484976	
2025-12-12T23:30:00.0000000	3097.66656484976	3097.66656484976	
2025-12-13T00:00:00.0000000	3097.66656484976	3097.66656484976	
2025-12-13T00:30:00.0000000	3097.66656484976	3097.66656484976	
2025-12-13T01:00:00.0000000	3097.66656484976	3097.66656484976	
2025-12-13T01:30:00.0000000	3097.66656484976	3097.66656484976	
2025-12-13T02:00:00.0000000	3097.66656484976	3097.66656484976	
2025-12-13T02:30:00.0000000	3097.66656484976	3097.66656484976	
2025-12-13T03:00:00.0000000	3097.66656484976	3097.66656484976	
2025-12-13T03:30:00.0000000	3097.66656484976	3097.66656484976	
2025-12-13T04:00:00.0000000	3097.66656484976	3097.66656484976	
2025-12-13T04:30:00.0000000	3097.66656484976	3097.66656484976	
2025-12-13T05:00:00.0000000	3097.66656484976	3097.66656484976	
2025-12-13T05:30:00.0000000	3097.66656484976	3097.66656484976	
2025-12-13T06:00:00.0000000	3097.66656484976	3097.66656484976	
2025-12-13T06:30:00.0000000	3097.66656484976	3097.66656484976	
2025-12-13T07:00:00.0000000	3097.66656484976	3097.66656484976	
2025-12-13T07:30:00.0000000	3097.66656484976	3097.66656484976	
2025-12-13T08:00:00.0000000	3097.66656484976	3097.66656484976	
2025-12-13T08:30:00.0000000	3097.66656484976	3097.66656484976	
2025-12-13T09:00:00.0000000	3097.66656484976	3097.66656484976	
2025-12-13T09:30:00.0000000	3097.66656484976	3097.66656484976	
2025-12-13T10:00:00.0000000	3097.66656484976	3097.66656484976	
2025-12-13T10:30:00.0000000	3097.66656484976	3097.66656484976	
2025-12-13T11:00:00.0000000	2952.44136680975		2952.44136680975
2025-12-13T11:30:00.0000000	2952.44136680975		2952.44136680975
2025-12-13T12:00:00.0000000	2952.44136680975		2952.44136680975
2025-12-13T12:30:00.0000000	2952.44136680975		2952.44136680975
2025-12-13T13:00:00.0000000	2952.44136680975		2952.44136680975
2025-12-13T13:30:00.0000000	2952.44136680975		2952.44136680975
2025-12-13T14:00:00.0000000	2952.44136680975		2952.44136680975
2025-12-13T14:30:00.0000000	2952.44136680975		2952.44136680975
2025-12-13T15:00:00.0000000	2952.44136680975		2952.44136680975
2025-12-13T15:30:00.0000000	2952.44136680975		2952.44136680975
2025-12-13T16:00:00.0000000	2952.44136680975		2952.44136680975
2025-12-13T16:30:00.0000000	2952.44136680975		2952.44136680975
2025-12-13T17:00:00.0000000	2952.44136680975		2952.44136680975
2025-12-13T17:30:00.0000000	2952.44136680975		2952.44136680975
2025-12-13T18:00:00.0000000	2952.44136680975		2952.44136680975
2025-12-13T18:30:00.0000000	2952.44136680975		2952.44136680975
2025-12-13T19:00:00.0000000	2952.44136680975		2952.44136680975
2025-12-13T19:30:00.0000000	2952.44136680975		2952.44136680975
2025-12-13T20:00:00.0000000	2952.44136680975		2952.44136680975
2025-12-13T20:30:00.0000000	2952.44136680975		2952.44136680975
2025-12-13T21:00:00.0000000	2952.44136680975		2952.44136680975
2025-12-13T21:30:00.0000000	2952.44136680975		2952.44136680975
2025-12-13T22:00:00.0000000	2952.44136680975		2952.44136680975
2025-12-13T22:30:00.0000000	2952.44136680975		2952.44136680975
2025-12-13T23:00:00.0000000	2952.44136680975		2952.44136680975
2025-12-13T23:30:00.0000000	2952.44136680975		2952.44136680975
2025-12-14T00:00:00.0000000	2952.44136680975		2952.44136680975
2025-12-14T00:30:00.0000000	2952.44136680975		2952.44136680975
2025-12-14T01:00:00.0000000	2952.44136680975		2952.44136680975
2025-12-14T01:30:00.0000000	2952.44136680975		2952.44136680975
2025-12-14T02:00:00.0000000	2952.44136680975		2952.44136680975
2025-12-14T02:30:00.0000000	2952.44136680975		2952.44136680975
2025-12-14T03:00:00.0000000	2952.44136680975		2952.44136680975
2025-12-14T03:30:00.0000000	2952.44136680975		2952.44136680975
2025-12-14T04:00:00.0000000	2955.20621302446		2955.20621302446
2025-12-14T04:30:00.0000000	2955.20621302446		2955.20621302446
2025-12-14T05:00:00.0000000	2955.20621302446		2955.20621302446
2025-12-14T05:30:00.0000000	2962.23542859256		2962.23542859256
2025-12-14T06:00:00.0000000	2966.0242177072		2966.0242177072
2025-12-14T06:30:00.0000000	2972.304016864		2972.304016864
2025-12-14T07:00:00.0000000	2977.12763510857		2977.12763510857
2025-12-14T07:30:00.0000000	2984.56917629387		2984.56917629387
2025-12-14T08:00:00.0000000	2997.72778694655		2997.72778694655
2025-12-14T08:30:00.0000000	2997.72778694655		2997.72778694655
2025-12-14T09:00:00.0000000	2998.52044167487		2998.52044167487
2025-12-14T09:30:00.0000000	2999.5051825475		2999.5051825475
2025-12-14T10:00:00.0000000	3001.90969766428		3001.90969766428
2025-12-14T10:30:00.0000000	3001.90969766428		3001.90969766428
2025-12-14T11:00:00.0000000	3001.90969766428		3001.90969766428
2025-12-14T11:30:00.0000000	3001.90969766428		3001.90969766428
2025-12-14T12:00:00.0000000	3001.90969766428		3001.90969766428
2025-12-14T12:30:00.0000000	3001.90969766428		3001.90969766428
2025-12-14T13:00:00.0000000	3001.90969766428		3001.90969766428
2025-12-14T13:30:00.0000000	3001.90969766428		3001.90969766428
2025-12-14T14:00:00.0000000	3001.90969766428		3001.90969766428
2025-12-14T14:30:00.0000000	3001.90969766428		3001.90969766428
2025-12-14T15:00:00.0000000	3001.90969766428		3001.90969766428
2025-12-14T15:30:00.0000000	3001.90969766428		3001.90969766428
2025-12-14T16:00:00.0000000	3014.6291887142		3014.6291887142
2025-12-14T16:30:00.0000000	3014.6291887142		3014.6291887142
2025-12-14T17:00:00.0000000	3014.6291887142		3014.6291887142
2025-12-14T17:30:00.0000000	3014.6291887142		3014.6291887142
2025-12-14T18:00:00.0000000	3014.6291887142		3014.6291887142
2025-12-14T18:30:00.0000000	3022.21203890047		3022.21203890047
2025-12-14T19:00:00.0000000	3022.21203890047		3022.21203890047
2025-12-14T19:30:00.0000000	3022.21203890047		3022.21203890047
2025-12-14T20:00:00.0000000	3022.21203890047		3022.21203890047
2025-12-14T20:30:00.0000000	3022.21203890047		3022.21203890047
2025-12-14T21:00:00.0000000	3022.21203890047		3022.21203890047
2025-12-14T21:30:00.0000000	3022.21203890047		3022.21203890047
2025-12-14T22:00:00.0000000	3022.21203890047		3022.21203890047
2025-12-14T22:30:00.0000000	3022.21203890047		3022.21203890047
2025-12-14T23:00:00.0000000	3022.21203890047		3022.21203890047
2025-12-14T23:30:00.0000000	3022.21203890047		3022.21203890047
2025-12-15T00:00:00.0000000	3022.21203890047		3022.21203890047
2025-12-15T00:30:00.0000000	3022.21203890047		3022.21203890047
2025-12-15T01:00:00.0000000	3022.21203890047		3022.21203890047
2025-12-15T01:30:00.0000000	3037.96849477147		3037.96849477147
2025-12-15T02:00:00.0000000	3053.18904263949		3053.18904263949
2025-12-15T02:30:00.0000000	3053.18904263949		3053.18904263949
2025-12-15T03:00:00.0000000	3053.18904263949		3053.18904263949
2025-12-15T03:30:00.0000000	3053.18904263949		3053.18904263949
2025-12-15T04:00:00.0000000	3053.18904263949		3053.18904263949
2025-12-15T04:30:00.0000000	3053.18904263949		3053.18904263949
2025-12-15T05:00:00.0000000	3053.18904263949		3053.18904263949
2025-12-15T05:30:00.0000000	3053.18904263949		3053.18904263949
2025-12-15T06:00:00.0000000	3053.18904263949		3053.18904263949
2025-12-15T06:30:00.0000000	3069.24212282685		3069.24212282685
2025-12-15T07:00:00.0000000	3069.24212282685		3069.24212282685
2025-12-15T07:30:00.0000000	3069.24212282685		3069.24212282685
2025-12-15T08:00:00.0000000	3076.92993009554		3076.92993009554
2025-12-15T08:30:00.0000000	3080.0285048529		3080.0285048529
2025-12-15T09:00:00.0000000	3087.54143319324		3087.54143319324
2025-12-15T09:30:00.0000000	3094.49660304118		3094.49660304118
2025-12-15T10:00:00.0000000	3108.70628861064		3108.70628861064
2025-12-15T10:30:00.0000000	3108.70628861064		3108.70628861064
2025-12-15T11:00:00.0000000	3108.70628861064		3108.70628861064
2025-12-15T11:30:00.0000000	3108.70628861064		3108.70628861064
2025-12-15T12:00:00.0000000	3108.70628861064		3108.70628861064
2025-12-15T12:30:00.0000000	3108.70628861064		3108.70628861064
2025-12-15T13:00:00.0000000	3108.70628861064		3108.70628861064
2025-12-15T13:30:00.0000000	3108.70628861064		3108.70628861064
2025-12-15T14:00:00.0000000	3108.70628861064		3108.70628861064
2025-12-15T14:30:00.0000000	3111.09101432041	3111.09101432041	
2025-12-15T15:00:00.0000000	3065.91048982896	3065.91048982896	
2025-12-15T15:30:00.0000000	3065.91048982896	3065.91048982896	
2025-12-15T16:00:00.0000000	3065.91048982896	3065.91048982896	
2025-12-15T16:30:00.0000000	3052.44014886424	3052.44014886424	
2025-12-15T17:00:00.0000000	3045.06204653737	3045.06204653737	
2025-12-15T17:30:00.0000000	3008.40671098797	3008.40671098797	
2025-12-15T18:00:00.0000000	3000.16353427426	3000.16353427426	
2025-12-15T18:30:00.0000000	3000.16353427426	3000.16353427426	
2025-12-15T19:00:00.0000000	3000.16353427426	3000.16353427426	
2025-12-15T19:30:00.0000000	3000.16353427426	3000.16353427426	
2025-12-15T20:00:00.0000000	2996.82748537842	2996.82748537842	
2025-12-15T20:30:00.0000000	2996.82748537842	2996.82748537842	
2025-12-15T21:00:00.0000000	2996.82748537842	2996.82748537842	
2025-12-15T21:30:00.0000000	2996.82748537842	2996.82748537842	
2025-12-15T22:00:00.0000000	2996.82748537842	2996.82748537842	
2025-12-15T22:30:00.0000000	2996.82748537842	2996.82748537842	
2025-12-15T23:00:00.0000000	2996.82748537842	2996.82748537842	
2025-12-15T23:30:00.0000000	2996.82748537842	2996.82748537842	
2025-12-16T00:00:00.0000000	2996.82748537842	2996.82748537842	
2025-12-16T00:30:00.0000000	2996.82748537842	2996.82748537842	
2025-12-16T01:00:00.0000000	2996.82748537842	2996.82748537842	
2025-12-16T01:30:00.0000000	2996.82748537842	2996.82748537842	
2025-12-16T02:00:00.0000000	2996.82748537842	2996.82748537842	
2025-12-16T02:30:00.0000000	2996.82748537842	2996.82748537842	
2025-12-16T03:00:00.0000000	2993.62921081106	2993.62921081106	
2025-12-16T03:30:00.0000000	2992.55639124863	2992.55639124863	
2025-12-16T04:00:00.0000000	2977.09656309393	2977.09656309393	
2025-12-16T04:30:00.0000000	2975.07291723232	2975.07291723232	
2025-12-16T05:00:00.0000000	2972.75992117364	2972.75992117364	
2025-12-16T05:30:00.0000000	2972.75992117364	2972.75992117364	
2025-12-16T06:00:00.0000000	2972.75992117364	2972.75992117364	
2025-12-16T06:30:00.0000000	2972.75992117364	2972.75992117364	
2025-12-16T07:00:00.0000000	2972.75992117364	2972.75992117364	
2025-12-16T07:30:00.0000000	2971.34501763194	2971.34501763194	
2025-12-16T08:00:00.0000000	2971.34501763194	2971.34501763194	
2025-12-16T08:30:00.0000000	2971.34501763194	2971.34501763194	
2025-12-16T09:00:00.0000000	2971.34501763194	2971.34501763194	
2025-12-16T09:30:00.0000000	2971.34501763194	2971.34501763194	
2025-12-16T10:00:00.0000000	2971.34501763194	2971.34501763194	
2025-12-16T10:30:00.0000000	2971.34501763194	2971.34501763194	
2025-12-16T11:00:00.0000000	2971.34501763194	2971.34501763194	
2025-12-16T11:30:00.0000000	2971.34501763194	2971.34501763194	
2025-12-16T12:00:00.0000000	2971.34501763194	2971.34501763194	
2025-12-16T12:30:00.0000000	2971.34501763194	2971.34501763194	
2025-12-16T13:00:00.0000000	2971.34501763194	2971.34501763194	
2025-12-16T13:30:00.0000000	2959.18034522982	2959.18034522982	
2025-12-16T14:00:00.0000000	2959.18034522982	2959.18034522982	
2025-12-16T14:30:00.0000000	2959.18034522982	2959.18034522982	
2025-12-16T15:00:00.0000000	2959.18034522982	2959.18034522982	
2025-12-16T15:30:00.0000000	2959.18034522982	2959.18034522982	
2025-12-16T16:00:00.0000000	2959.18034522982	2959.18034522982	
2025-12-16T16:30:00.0000000	2959.18034522982	2959.18034522982	
2025-12-16T17:00:00.0000000	2959.18034522982	2959.18034522982	
2025-12-16T17:30:00.0000000	2959.18034522982	2959.18034522982	
2025-12-16T18:00:00.0000000	2959.18034522982	2959.18034522982	
2025-12-16T18:30:00.0000000	2959.18034522982	2959.18034522982	
2025-12-16T19:00:00.0000000	2959.18034522982	2959.18034522982	
2025-12-16T19:30:00.0000000	2959.18034522982	2959.18034522982	
2025-12-16T20:00:00.0000000	2959.18034522982	2959.18034522982	
2025-12-16T20:30:00.0000000	2959.18034522982	2959.18034522982	
2025-12-16T21:00:00.0000000	2959.18034522982	2959.18034522982	
2025-12-16T21:30:00.0000000	2959.18034522982	2959.18034522982	
2025-12-16T22:00:00.0000000	2959.18034522982	2959.18034522982	
2025-12-16T22:30:00.0000000	2959.18034522982	2959.18034522982	
2025-12-16T23:00:00.0000000	2959.18034522982	2959.18034522982	
2025-12-16T23:30:00.0000000	2959.18034522982	2959.18034522982	
2025-12-17T00:00:00.0000000	2959.18034522982	2959.18034522982	
2025-12-17T00:30:00.0000000	2959.18034522982	2959.18034522982	
2025-12-17T01:00:00.0000000	2959.18034522982	2959.18034522982	
2025-12-17T01:30:00.0000000	2959.18034522982	2959.18034522982	
2025-12-17T02:00:00.0000000	2959.18034522982	2959.18034522982	
2025-12-17T02:30:00.0000000	2959.18034522982	2959.18034522982	
2025-12-17T03:00:00.0000000	2959.18034522982	2959.18034522982	
2025-12-17T03:30:00.0000000	2959.18034522982	2959.18034522982	
2025-12-17T04:00:00.0000000	2959.18034522982	2959.18034522982	
2025-12-17T04:30:00.0000000	2959.18034522982	2959.18034522982	
2025-12-17T05:00:00.0000000	2959.18034522982	2959.18034522982	
2025-12-17T05:30:00.0000000	2959.18034522982	2959.18034522982	
2025-12-17T06:00:00.0000000	2959.18034522982	2959.18034522982	
2025-12-17T06:30:00.0000000	2959.18034522982	2959.18034522982	
2025-12-17T07:00:00.0000000	2959.18034522982	2959.18034522982	
2025-12-17T07:30:00.0000000	2959.18034522982	2959.18034522982	
2025-12-17T08:00:00.0000000	2959.18034522982	2959.18034522982	
2025-12-17T08:30:00.0000000	2959.18034522982	2959.18034522982	
2025-12-17T09:00:00.0000000	2959.18034522982	2959.18034522982	
2025-12-17T09:30:00.0000000	2959.18034522982	2959.18034522982	
2025-12-17T10:00:00.0000000	2959.18034522982	2959.18034522982	
2025-12-17T10:30:00.0000000	2958.95236102098	2958.95236102098	
2025-12-17T11:00:00.0000000	2958.95236102098	2958.95236102098	
2025-12-17T11:30:00.0000000	2958.95236102098	2958.95236102098	
2025-12-17T12:00:00.0000000	2958.95236102098	2958.95236102098	
2025-12-17T12:30:00.0000000	2958.95236102098	2958.95236102098	
2025-12-17T13:00:00.0000000	2958.95236102098	2958.95236102098	
2025-12-17T13:30:00.0000000	2958.95236102098	2958.95236102098	
2025-12-17T14:00:00.0000000	2958.95236102098	2958.95236102098	
2025-12-17T14:30:00.0000000	2919.4690211049		2919.4690211049
2025-12-17T15:00:00.0000000	2933.57049629038		2933.57049629038
2025-12-17T15:30:00.0000000	2979.39952734249	2979.39952734249	
2025-12-17T16:00:00.0000000	2923.98050223094	2923.98050223094	
2025-12-17T16:30:00.0000000	2923.98050223094	2923.98050223094	
2025-12-17T17:00:00.0000000	2923.98050223094	2923.98050223094	
2025-12-17T17:30:00.0000000	2923.98050223094	2923.98050223094	
2025-12-17T18:00:00.0000000	2923.98050223094	2923.98050223094	
2025-12-17T18:30:00.0000000	2889.42677167852	2889.42677167852	
2025-12-17T19:00:00.0000000	2884.38263969383	2884.38263969383	
2025-12-17T19:30:00.0000000	2884.38263969383	2884.38263969383	
2025-12-17T20:00:00.0000000	2884.38263969383	2884.38263969383	
2025-12-17T20:30:00.0000000	2884.38263969383	2884.38263969383	
2025-12-17T21:00:00.0000000	2884.38263969383	2884.38263969383	
2025-12-17T21:30:00.0000000	2884.38263969383	2884.38263969383	
2025-12-17T22:00:00.0000000	2884.38263969383	2884.38263969383	
2025-12-17T22:30:00.0000000	2884.38263969383	2884.38263969383	
2025-12-17T23:00:00.0000000	2884.38263969383	2884.38263969383	
2025-12-17T23:30:00.0000000	2811.82928540583	2811.82928540583	
2025-12-18T00:00:00.0000000	2811.82928540583	2811.82928540583	
2025-12-18T00:30:00.0000000	2720.1079043938		2720.1079043938
2025-12-18T01:00:00.0000000	2720.1079043938		2720.1079043938
2025-12-18T01:30:00.0000000	2844.38217288544	2844.38217288544	
2025-12-18T02:00:00.0000000	2844.38217288544	2844.38217288544	
2025-12-18T02:30:00.0000000	2844.38217288544	2844.38217288544	
2025-12-18T03:00:00.0000000	2844.38217288544	2844.38217288544	
2025-12-18T03:30:00.0000000	2844.38217288544	2844.38217288544	
2025-12-18T04:00:00.0000000	2844.38217288544	2844.38217288544	
2025-12-18T04:30:00.0000000	2844.38217288544	2844.38217288544	
2025-12-18T05:00:00.0000000	2844.38217288544	2844.38217288544	
2025-12-18T05:30:00.0000000	2844.38217288544	2844.38217288544	
2025-12-18T06:00:00.0000000	2844.38217288544	2844.38217288544	
2025-12-18T06:30:00.0000000	2844.38217288544	2844.38217288544	
2025-12-18T07:00:00.0000000	2844.38217288544	2844.38217288544	
2025-12-18T07:30:00.0000000	2844.38217288544	2844.38217288544	
2025-12-18T08:00:00.0000000	2844.38217288544	2844.38217288544	
2025-12-18T08:30:00.0000000	2844.38217288544	2844.38217288544	
2025-12-18T09:00:00.0000000	2844.38217288544	2844.38217288544	
2025-12-18T09:30:00.0000000	2844.38217288544	2844.38217288544	
2025-12-18T10:00:00.0000000	2844.38217288544	2844.38217288544	
2025-12-18T10:30:00.0000000	2844.38217288544	2844.38217288544	
2025-12-18T11:00:00.0000000	2844.38217288544	2844.38217288544	
2025-12-18T11:30:00.0000000	2844.38217288544	2844.38217288544	
2025-12-18T12:00:00.0000000	2844.38217288544	2844.38217288544	
2025-12-18T12:30:00.0000000	2685.57888296625		2685.57888296625
2025-12-18T13:00:00.0000000	2685.57888296625		2685.57888296625
2025-12-18T13:30:00.0000000	2685.57888296625		2685.57888296625
2025-12-18T14:00:00.0000000	2685.57888296625		2685.57888296625
2025-12-18T14:30:00.0000000	2685.57888296625		2685.57888296625
2025-12-18T15:00:00.0000000	2685.57888296625		2685.57888296625
2025-12-18T15:30:00.0000000	2685.57888296625		2685.57888296625
2025-12-18T16:00:00.0000000	2685.57888296625		2685.57888296625
2025-12-18T16:30:00.0000000	2685.57888296625		2685.57888296625
2025-12-18T17:00:00.0000000	2685.57888296625		2685.57888296625
2025-12-18T17:30:00.0000000	2685.57888296625		2685.57888296625
2025-12-18T18:00:00.0000000	2685.57888296625		2685.57888296625
2025-12-18T18:30:00.0000000	2685.57888296625		2685.57888296625
2025-12-18T19:00:00.0000000	2685.57888296625		2685.57888296625
2025-12-18T19:30:00.0000000	2685.57888296625		2685.57888296625
2025-12-18T20:00:00.0000000	2685.57888296625		2685.57888296625
2025-12-18T20:30:00.0000000	2685.57888296625		2685.57888296625
2025-12-18T21:00:00.0000000	2685.57888296625		2685.57888296625
2025-12-18T21:30:00.0000000	2685.57888296625		2685.57888296625
2025-12-18T22:00:00.0000000	2685.57888296625		2685.57888296625
2025-12-18T22:30:00.0000000	2685.57888296625		2685.57888296625
2025-12-18T23:00:00.0000000	2685.57888296625		2685.57888296625
2025-12-18T23:30:00.0000000	2685.57888296625		2685.57888296625
2025-12-19T00:00:00.0000000	2685.57888296625		2685.57888296625
2025-12-19T00:30:00.0000000	2685.57888296625		2685.57888296625
2025-12-19T01:00:00.0000000	2685.57888296625		2685.57888296625
2025-12-19T01:30:00.0000000	2685.57888296625		2685.57888296625
2025-12-19T02:00:00.0000000	2685.57888296625		2685.57888296625
2025-12-19T02:30:00.0000000	2685.57888296625		2685.57888296625
2025-12-19T03:00:00.0000000	2685.57888296625		2685.57888296625
2025-12-19T03:30:00.0000000	2685.57888296625		2685.57888296625
2025-12-19T04:00:00.0000000	2685.57888296625		2685.57888296625
2025-12-19T04:30:00.0000000	2685.57888296625		2685.57888296625
2025-12-19T05:00:00.0000000	2685.57888296625		2685.57888296625
2025-12-19T05:30:00.0000000	2685.57888296625		2685.57888296625
2025-12-19T06:00:00.0000000	2685.57888296625		2685.57888296625
2025-12-19T06:30:00.0000000	2685.57888296625		2685.57888296625
2025-12-19T07:00:00.0000000	2685.57888296625		2685.57888296625
2025-12-19T07:30:00.0000000	2691.21144289816		2691.21144289816
2025-12-19T08:00:00.0000000	2695.67280276015		2695.67280276015
2025-12-19T08:30:00.0000000	2695.67280276015		2695.67280276015
2025-12-19T09:00:00.0000000	2695.67280276015		2695.67280276015
2025-12-19T09:30:00.0000000	2695.67280276015		2695.67280276015
2025-12-19T10:00:00.0000000	2695.67280276015		2695.67280276015
2025-12-19T10:30:00.0000000	2695.67280276015		2695.67280276015
2025-12-19T11:00:00.0000000	2695.67280276015		2695.67280276015
2025-12-19T11:30:00.0000000	2695.67280276015		2695.67280276015
2025-12-19T12:00:00.0000000	2695.67280276015		2695.67280276015
2025-12-19T12:30:00.0000000	2695.67280276015		2695.67280276015
2025-12-19T13:00:00.0000000	2695.67280276015		2695.67280276015
2025-12-19T13:30:00.0000000	2695.67280276015		2695.67280276015
2025-12-19T14:00:00.0000000	2695.67280276015		2695.67280276015
2025-12-19T14:30:00.0000000	2713.34275893177		2713.34275893177
2025-12-19T15:00:00.0000000	2713.34275893177		2713.34275893177
2025-12-19T15:30:00.0000000	2713.34275893177		2713.34275893177
2025-12-19T16:00:00.0000000	2713.34275893177		2713.34275893177
2025-12-19T16:30:00.0000000	2713.34275893177		2713.34275893177
2025-12-19T17:00:00.0000000	2713.34275893177		2713.34275893177
2025-12-19T17:30:00.0000000	2713.34275893177		2713.34275893177
2025-12-19T18:00:00.0000000	2721.37179345264		2721.37179345264
2025-12-19T18:30:00.0000000	2723.87789852632		2723.87789852632
2025-12-19T19:00:00.0000000	2743.54085573936		2743.54085573936
2025-12-19T19:30:00.0000000	2743.54085573936		2743.54085573936
2025-12-19T20:00:00.0000000	2867.37651314227		2867.37651314227
2025-12-19T20:30:00.0000000	2867.37651314227		2867.37651314227
2025-12-19T21:00:00.0000000	2867.37651314227		2867.37651314227
2025-12-19T21:30:00.0000000	2867.37651314227		2867.37651314227
2025-12-19T22:00:00.0000000	2867.37651314227		2867.37651314227
2025-12-19T22:30:00.0000000	2867.37651314227		2867.37651314227
2025-12-19T23:00:00.0000000	2867.37651314227		2867.37651314227
2025-12-19T23:30:00.0000000	2867.37651314227		2867.37651314227
2025-12-20T00:00:00.0000000	2867.37651314227		2867.37651314227
2025-12-20T00:30:00.0000000	2867.37651314227		2867.37651314227
2025-12-20T01:00:00.0000000	2867.37651314227		2867.37651314227
2025-12-20T01:30:00.0000000	2867.37651314227		2867.37651314227
2025-12-20T02:00:00.0000000	2867.37651314227		2867.37651314227
2025-12-20T02:30:00.0000000	2867.37651314227		2867.37651314227
2025-12-20T03:00:00.0000000	2867.37651314227		2867.37651314227
2025-12-20T03:30:00.0000000	2867.37651314227		2867.37651314227
2025-12-20T04:00:00.0000000	2867.37651314227		2867.37651314227
2025-12-20T04:30:00.0000000	2867.37651314227		2867.37651314227
2025-12-20T05:00:00.0000000	2867.37651314227		2867.37651314227
2025-12-20T05:30:00.0000000	2867.37651314227		2867.37651314227
2025-12-20T06:00:00.0000000	2867.37651314227		2867.37651314227
2025-12-20T06:30:00.0000000	2867.37651314227		2867.37651314227
2025-12-20T07:00:00.0000000	2867.37651314227		2867.37651314227
2025-12-20T07:30:00.0000000	2867.37651314227		2867.37651314227
2025-12-20T08:00:00.0000000	2867.37651314227		2867.37651314227
2025-12-20T08:30:00.0000000	2867.37651314227		2867.37651314227
2025-12-20T09:00:00.0000000	2867.37651314227		2867.37651314227
2025-12-20T09:30:00.0000000	2867.37651314227		2867.37651314227
2025-12-20T10:00:00.0000000	2867.37651314227		2867.37651314227
2025-12-20T10:30:00.0000000	2867.37651314227		2867.37651314227
2025-12-20T11:00:00.0000000	2867.37651314227		2867.37651314227
2025-12-20T11:30:00.0000000	2867.37651314227		2867.37651314227
2025-12-20T12:00:00.0000000	2871.65702593025		2871.65702593025
2025-12-20T12:30:00.0000000	2875.26859612404		2875.26859612404
2025-12-20T13:00:00.0000000	2875.26859612404		2875.26859612404
2025-12-20T13:30:00.0000000	2875.26859612404		2875.26859612404
2025-12-20T14:00:00.0000000	2875.26859612404		2875.26859612404
2025-12-20T14:30:00.0000000	2879.27044842348		2879.27044842348
2025-12-20T15:00:00.0000000	2879.27044842348		2879.27044842348
2025-12-20T15:30:00.0000000	2882.49655185803		2882.49655185803
2025-12-20T16:00:00.0000000	2886.74433510289		2886.74433510289
2025-12-20T16:30:00.0000000	2891.72793819323		2891.72793819323
2025-12-20T17:00:00.0000000	2896.75517923164		2896.75517923164
2025-12-20T17:30:00.0000000	2900.34778974442		2900.34778974442
2025-12-20T18:00:00.0000000	2900.6217045185		2900.6217045185
2025-12-20T18:30:00.0000000	2903.74924239857		2903.74924239857
2025-12-20T19:00:00.0000000	2905.54689752245		2905.54689752245
2025-12-20T19:30:00.0000000	2908.59228335471		2908.59228335471
2025-12-20T20:00:00.0000000	2913.66407938544		2913.66407938544
2025-12-20T20:30:00.0000000	2918.83721846232		2918.83721846232
2025-12-20T21:00:00.0000000	2920.15449377364		2920.15449377364
2025-12-20T21:30:00.0000000	2920.15449377364		2920.15449377364
2025-12-20T22:00:00.0000000	2920.15449377364		2920.15449377364
2025-12-20T22:30:00.0000000	2922.01466906264		2922.01466906264
2025-12-20T23:00:00.0000000	2922.01466906264		2922.01466906264
2025-12-20T23:30:00.0000000	2925.63189937655		2925.63189937655
2025-12-21T00:00:00.0000000	2929.60657083481		2929.60657083481
2025-12-21T00:30:00.0000000	2930.79673412839		2930.79673412839
2025-12-21T01:00:00.0000000	2930.79673412839		2930.79673412839
2025-12-21T01:30:00.0000000	2930.79673412839		2930.79673412839
2025-12-21T02:00:00.0000000	2930.79673412839		2930.79673412839
2025-12-21T02:30:00.0000000	2930.79673412839		2930.79673412839
2025-12-21T03:00:00.0000000	2930.79673412839		2930.79673412839
2025-12-21T03:30:00.0000000	2930.79673412839		2930.79673412839
2025-12-21T04:00:00.0000000	2934.89749367587		2934.89749367587
2025-12-21T04:30:00.0000000	2935.22142254845		2935.22142254845
2025-12-21T05:00:00.0000000	2935.86325956995		2935.86325956995
2025-12-21T05:30:00.0000000	2935.86325956995		2935.86325956995
2025-12-21T06:00:00.0000000	2938.1950200181		2938.1950200181
2025-12-21T06:30:00.0000000	2940.40954287438		2940.40954287438
2025-12-21T07:00:00.0000000	2942.84242178512		2942.84242178512
2025-12-21T07:30:00.0000000	2947.43087789059		2947.43087789059
2025-12-21T08:00:00.0000000	2950.20559799104		2950.20559799104
2025-12-21T08:30:00.0000000	2958.23866475337		2958.23866475337
2025-12-21T09:00:00.0000000	2958.23866475337		2958.23866475337
2025-12-21T09:30:00.0000000	2966.30899297358		2966.30899297358
2025-12-21T10:00:00.0000000	2967.52285045103		2967.52285045103
2025-12-21T10:30:00.0000000	2967.52285045103		2967.52285045103
2025-12-21T11:00:00.0000000	2967.52285045103		2967.52285045103
2025-12-21T11:30:00.0000000	2967.52285045103		2967.52285045103
2025-12-21T12:00:00.0000000	2967.52285045103		2967.52285045103
2025-12-21T12:30:00.0000000	2967.52285045103		2967.52285045103
2025-12-21T13:00:00.0000000	2967.52285045103		2967.52285045103
2025-12-21T13:30:00.0000000	2985.42285896948	2985.42285896948	
2025-12-21T14:00:00.0000000	2985.42285896948	2985.42285896948	
2025-12-21T14:30:00.0000000	2985.42285896948	2985.42285896948	
2025-12-21T15:00:00.0000000	2985.42285896948	2985.42285896948	
2025-12-21T15:30:00.0000000	2985.42285896948	2985.42285896948	
2025-12-21T16:00:00.0000000	2985.42285896948	2985.42285896948	
2025-12-21T16:30:00.0000000	2985.42285896948	2985.42285896948	
2025-12-21T17:00:00.0000000	2985.42285896948	2985.42285896948	
2025-12-21T17:30:00.0000000	2985.42285896948	2985.42285896948	
2025-12-21T18:00:00.0000000	2985.42285896948	2985.42285896948	
2025-12-21T18:30:00.0000000	2948.86670766132		2948.86670766132
2025-12-21T19:00:00.0000000	2952.9778168203		2952.9778168203
2025-12-21T19:30:00.0000000	2953.91220649552		2953.91220649552
2025-12-21T20:00:00.0000000	2953.91220649552		2953.91220649552
2025-12-21T20:30:00.0000000	2953.91220649552		2953.91220649552
2025-12-21T21:00:00.0000000	2953.91220649552		2953.91220649552
2025-12-21T21:30:00.0000000	2953.91220649552		2953.91220649552
2025-12-21T22:00:00.0000000	2953.91220649552		2953.91220649552
2025-12-21T22:30:00.0000000	2959.91476343688		2959.91476343688
2025-12-21T23:00:00.0000000	2963.65215565417		2963.65215565417
2025-12-21T23:30:00.0000000	2965.05919586111		2965.05919586111
2025-12-22T00:00:00.0000000	2986.78494843916		2986.78494843916
2025-12-22T00:30:00.0000000	2986.78494843916		2986.78494843916
2025-12-22T01:00:00.0000000	2993.72058815343		2993.72058815343
2025-12-22T01:30:00.0000000	2993.72058815343		2993.72058815343
2025-12-22T02:00:00.0000000	2993.72058815343		2993.72058815343
2025-12-22T02:30:00.0000000	2993.72058815343		2993.72058815343
2025-12-22T03:00:00.0000000	2993.72058815343		2993.72058815343
2025-12-22T03:30:00.0000000	2993.72058815343		2993.72058815343
2025-12-22T04:00:00.0000000	2993.72058815343		2993.72058815343
2025-12-22T04:30:00.0000000	2993.72058815343		2993.72058815343
2025-12-22T05:00:00.0000000	2993.72058815343		2993.72058815343
2025-12-22T05:30:00.0000000	2993.72058815343		2993.72058815343
2025-12-22T06:00:00.0000000	2993.72058815343		2993.72058815343
2025-12-22T06:30:00.0000000	2993.72058815343		2993.72058815343
2025-12-22T07:00:00.0000000	2993.72058815343		2993.72058815343
2025-12-22T07:30:00.0000000	2993.72058815343		2993.72058815343
2025-12-22T08:00:00.0000000	3006.81590473107		3006.81590473107
2025-12-22T08:30:00.0000000	3006.81590473107		3006.81590473107
2025-12-22T09:00:00.0000000	3006.81590473107		3006.81590473107
2025-12-22T09:30:00.0000000	3006.81590473107		3006.81590473107
2025-12-22T10:00:00.0000000	3006.81590473107		3006.81590473107
2025-12-22T10:30:00.0000000	3006.81590473107		3006.81590473107
2025-12-22T11:00:00.0000000	3006.81590473107		3006.81590473107
2025-12-22T11:30:00.0000000	3009.17332387413		3009.17332387413
2025-12-22T12:00:00.0000000	3012.07459416583		3012.07459416583
2025-12-22T12:30:00.0000000	3017.7710420627		3017.7710420627
2025-12-22T13:00:00.0000000	3017.78670672638		3017.78670672638
2025-12-22T13:30:00.0000000	3017.78670672638		3017.78670672638
2025-12-22T14:00:00.0000000	3017.78670672638		3017.78670672638
2025-12-22T14:30:00.0000000	3017.78670672638		3017.78670672638
2025-12-22T15:00:00.0000000	3017.78670672638		3017.78670672638
2025-12-22T15:30:00.0000000	3017.78670672638		3017.78670672638
2025-12-22T16:00:00.0000000	3017.78670672638		3017.78670672638
2025-12-22T16:30:00.0000000	3017.78670672638		3017.78670672638
2025-12-22T17:00:00.0000000	3017.78670672638		3017.78670672638
2025-12-22T17:30:00.0000000	3017.78670672638		3017.78670672638
2025-12-22T18:00:00.0000000	3017.78670672638		3017.78670672638
2025-12-22T18:30:00.0000000	3064.67468710849	3064.67468710849	
2025-12-22T19:00:00.0000000	3040.93779724618	3040.93779724618	
2025-12-22T19:30:00.0000000	3029.05980690112	3029.05980690112	
2025-12-22T20:00:00.0000000	3023.85219704869	3023.85219704869	
2025-12-22T20:30:00.0000000	3023.85219704869	3023.85219704869	
2025-12-22T21:00:00.0000000	3023.85219704869	3023.85219704869	
2025-12-22T21:30:00.0000000	3023.85219704869	3023.85219704869	
2025-12-22T22:00:00.0000000	3023.85219704869	3023.85219704869	
2025-12-22T22:30:00.0000000	3023.85219704869	3023.85219704869	
2025-12-22T23:00:00.0000000	3023.85219704869	3023.85219704869	
2025-12-22T23:30:00.0000000	3023.85219704869	3023.85219704869	
2025-12-23T00:00:00.0000000	3023.85219704869	3023.85219704869	
2025-12-23T00:30:00.0000000	2979.74115064597		2979.74115064597
2025-12-23T01:00:00.0000000	2979.74115064597		2979.74115064597
2025-12-23T01:30:00.0000000	2979.74115064597		2979.74115064597
2025-12-23T02:00:00.0000000	2979.74115064597		2979.74115064597
2025-12-23T02:30:00.0000000	2979.74115064597		2979.74115064597
2025-12-23T03:00:00.0000000	2979.74115064597		2979.74115064597
2025-12-23T03:30:00.0000000	2979.74115064597		2979.74115064597
2025-12-23T04:00:00.0000000	2979.74115064597		2979.74115064597
2025-12-23T04:30:00.0000000	2979.74115064597		2979.74115064597
2025-12-23T05:00:00.0000000	2979.74115064597		2979.74115064597
2025-12-23T05:30:00.0000000	3020.80284140269	3020.80284140269	
2025-12-23T06:00:00.0000000	2999.21222990732	2999.21222990732	
2025-12-23T06:30:00.0000000	2999.21222990732	2999.21222990732	
2025-12-23T07:00:00.0000000	2999.21222990732	2999.21222990732	
2025-12-23T07:30:00.0000000	2999.21222990732	2999.21222990732	
2025-12-23T08:00:00.0000000	2999.21222990732	2999.21222990732	
2025-12-23T08:30:00.0000000	2999.21222990732	2999.21222990732	
2025-12-23T09:00:00.0000000	2999.21222990732	2999.21222990732	
2025-12-23T09:30:00.0000000	2999.21222990732	2999.21222990732	
2025-12-23T10:00:00.0000000	2999.21222990732	2999.21222990732	
2025-12-23T10:30:00.0000000	2999.21222990732	2999.21222990732	
2025-12-23T11:00:00.0000000	2999.21222990732	2999.21222990732	
2025-12-23T11:30:00.0000000	2999.21222990732	2999.21222990732	
2025-12-23T12:00:00.0000000	2996.0237728439	2996.0237728439	
2025-12-23T12:30:00.0000000	2995.86073604181	2995.86073604181	
2025-12-23T13:00:00.0000000	2993.98165337315	2993.98165337315	
2025-12-23T13:30:00.0000000	2980.58252702205	2980.58252702205	
2025-12-23T14:00:00.0000000	2980.58252702205	2980.58252702205	
2025-12-23T14:30:00.0000000	2958.82020591569	2958.82020591569	
2025-12-23T15:00:00.0000000	2958.82020591569	2958.82020591569	
2025-12-23T15:30:00.0000000	2958.82020591569	2958.82020591569	
2025-12-23T16:00:00.0000000	2958.82020591569	2958.82020591569	
2025-12-23T16:30:00.0000000	2958.82020591569	2958.82020591569	
2025-12-23T17:00:00.0000000	2958.82020591569	2958.82020591569	
2025-12-23T17:30:00.0000000	2958.82020591569	2958.82020591569	
2025-12-23T18:00:00.0000000	2958.82020591569	2958.82020591569	
2025-12-23T18:30:00.0000000	2958.82020591569	2958.82020591569	
2025-12-23T19:00:00.0000000	2958.82020591569	2958.82020591569	
2025-12-23T19:30:00.0000000	2958.82020591569	2958.82020591569	
2025-12-23T20:00:00.0000000	2958.82020591569	2958.82020591569	
2025-12-23T20:30:00.0000000	2916.0189450667		2916.0189450667
2025-12-23T21:00:00.0000000	2918.36566196828		2918.36566196828
2025-12-23T21:30:00.0000000	2921.07205901741		2921.07205901741
2025-12-23T22:00:00.0000000	2921.07205901741		2921.07205901741
2025-12-23T22:30:00.0000000	2921.07205901741		2921.07205901741
2025-12-23T23:00:00.0000000	2921.07205901741		2921.07205901741
2025-12-23T23:30:00.0000000	2921.07205901741		2921.07205901741
2025-12-24T00:00:00.0000000	2921.07205901741		2921.07205901741
